{"name":"t:sections.footer.name","type":"footer","sections":{"back_to_top_Ca7nbV":{"type":"back-to-top","settings":{"hide_on_mobile":false,"show_when_precent_of_page":60,"button_position":"center","button_bg_color":"#ffffff","button_border_color":"#dddddd","icon_color":"#000000","button_diameter":48,"icon_size":24,"horizontal_padding":20,"vertical_padding":100}},"scroll_text_wbC33X":{"type":"scroll-text","blocks":{"text_KAXFmg":{"type":"text","settings":{"text":"Add some scrolling text here","url":"","icon":"plane","outline_all":false,"outline_text":"scrolling","text_color":"#ffffff","text_size":20,"text_size_mobile":18,"text_height":130,"text_mr":50,"text_mr_mobile":40}},"text_ANtCWd":{"type":"text","settings":{"text":"Add some scrolling text here","url":"","icon":"plant","outline_all":false,"outline_text":"scrolling","text_color":"#ffffff","text_size":20,"text_size_mobile":18,"text_height":130,"text_mr":50,"text_mr_mobile":40}}},"block_order":["text_KAXFmg","text_ANtCWd"],"settings":{"reverse_direction":false,"pause_hover":true,"lazy":true,"scrolling_velocity":50,"scrolling_velocity_mobile":54,"background_color":"#5e6350","background_gradient":"","border_color":"#000000","margin_top":0,"margin_bottom":0,"margin_horizontal":0,"margin_horizontal_mobile":0,"padding_top":4,"padding_bottom":4,"padding_horizontal":0,"padding_horizontal_mobile":0,"full_width":true,"content_width":120,"border_thickness":0,"section_radius":0}},"trust_badges_hnHGJ6":{"type":"trust-badges","blocks":{"image_PUQa7W":{"type":"image","settings":{"feature_title":"<strong>Fast Shipping<\/strong>","feature_text":"<p>Doorstep delivery to most of the US.<\/p>","feature_url":"","hide_image":false}},"image_hqDRXM":{"type":"image","settings":{"feature_title":"<strong>Price-match guarantee<\/strong>","feature_text":"<p>Safe money when ordering with us<\/p>","feature_url":"","hide_image":false}},"image_Bg8wPM":{"type":"image","settings":{"feature_title":"<strong>Hassle-free exchange<\/strong>","feature_text":"<p>No questions ask<\/p>","feature_url":"","hide_image":false}},"image_TNiqiN":{"type":"image","settings":{"feature_title":"<strong>5 Star Reviews<\/strong>","feature_text":"<p>Customer satisfaction No.1 priority<\/p>","feature_url":"","hide_image":false}}},"block_order":["image_PUQa7W","image_hqDRXM","image_Bg8wPM","image_TNiqiN"],"settings":{"feature_row":4,"feature_row_mobile":2,"feature_gap":20,"feature_gap_mobile":20,"feature_padding_horizontal":24,"feature_padding_vertical":28,"feature_radius":6,"feature_border_thickness":0,"feature_shadow":false,"feature_heading_size":14,"feature_heading_size_mobile":12,"feature_heading_height":130,"feature_heading_mt":8,"feature_text_size":12,"feature_text_size_mobile":12,"feature_text_height":130,"feature_text_mt":4,"feature_icon_size":42,"feature_icon_size_mobile":42,"feature_bg":"#ffffff","feature_border_color":"#000000","feature_shadow_color":"#000000","feature_heading_color":"#000000","feature_text_color":"#000000","feature_icon_color":"#000000","background_color":"#ffffff","background_gradient":"","border_color":"#000000","margin_top":0,"margin_bottom":0,"padding_top":0,"padding_bottom":0,"padding_horizontal":5,"padding_horizontal_mobile":1.5,"full_width":false,"content_width":140,"border_thickness":0,"lazy":true}},"420dbb1b-f872-4861-99ec-c6ce83df4831":{"type":"newsletter","blocks":{"sections--15124688797779__420dbb1b-f872-4861-99ec-c6ce83df4831-heading-1":{"type":"heading","settings":{"heading":"Want the chance to trial our new products?","heading_size":"h2"}},"sections--15124688797779__420dbb1b-f872-4861-99ec-c6ce83df4831-paragraph-1":{"type":"paragraph","settings":{"text":"<p>Be the first to know about new collections and exclusive offers.<\/p>"}},"sections--15124688797779__420dbb1b-f872-4861-99ec-c6ce83df4831-email_form-1":{"type":"email_form","settings":{}}},"block_order":["sections--15124688797779__420dbb1b-f872-4861-99ec-c6ce83df4831-heading-1","sections--15124688797779__420dbb1b-f872-4861-99ec-c6ce83df4831-paragraph-1","sections--15124688797779__420dbb1b-f872-4861-99ec-c6ce83df4831-email_form-1"],"settings":{"color_scheme":"accent-1","full_width":true,"text_align":"center","news_alignment":"horizontal","show_small_text":true,"small_text":"* We Promise not to use your email for Spam! You can unsubscribe at any time.","padding_top":40,"padding_bottom":96,"margin_top":0,"margin_bottom":0}},"waves_7mL9F3":{"type":"waves","settings":{"wave_color":"#686648","wave_height":71,"wave_speed":10,"padding_top":0,"padding_bottom":12}},"footer":{"type":"footer","blocks":{"adb529f5-d357-4437-b802-e295826b2117":{"type":"brand_information","settings":{"show_social":true}},"link_list_YkcPW4":{"type":"link_list","settings":{"heading":"Information","menu":"footer"}},"0dfe9e9f-d96e-442f-be6e-881afaba1771":{"type":"link_list","settings":{"heading":"Shop","menu":"main-menu"}},"text_y3qDPH":{"type":"text","settings":{"heading":"Need to Get in Touch?","subtext":"<p><strong>hello@yourdomain.com<\/strong><\/p><p>Call: <strong>+1 (917) 642-8765<\/strong><\/p><p>Live chat available - Monday - Friday 9am - 5pm CET<\/p>"}}},"block_order":["adb529f5-d357-4437-b802-e295826b2117","link_list_YkcPW4","0dfe9e9f-d96e-442f-be6e-881afaba1771","text_y3qDPH"],"settings":{"color_scheme":"scheme-78d2e301-66be-46b4-8bf3-c85455b81fc4","show_collapse":true,"show_border":false,"show_body_font":"head","newsletter_enable":false,"newsletter_heading":"Subscribe to our emails","enable_follow_on_shop":true,"show_social":false,"enable_country_selector":false,"enable_language_selector":false,"payment_enable":true,"original":"custom","payment_icon":"visa,master,paypal,apple_pay,shopify-pay,google-pay","hide_shopify":false,"copyright":"- Theme by <a href=\"https:\/\/lumintheme.com\/\" target=\"_blank\" title=\"https:\/\/lumintheme.com\/\">Lumin<em>Theme<\/em><\/a> © 2024","show_bottom_text":false,"bottom_text":"Note that all content and resources provided on our website are not medical advice nor should they be used as a substitute for professional medical treatment. For medical concerns and\/or emergencies, consult your health care provider and emergency services immediately.","color_bottom_text":"#868686","show_policy":true,"margin_top":0,"padding_top":60,"padding_bottom":12}}},"order":["back_to_top_Ca7nbV","scroll_text_wbC33X","trust_badges_hnHGJ6","420dbb1b-f872-4861-99ec-c6ce83df4831","waves_7mL9F3","footer"]}