{"type":"header","name":"t:sections.header.name","sections":{"scroll_text_6gPdW9":{"type":"scroll-text","blocks":{"text_8QW8Lg":{"type":"text","settings":{"text":"Mid Season Sale is ((<strong>LIVE<\/strong>))","url":"","icon":"stopwatch","outline_all":false,"outline_text":"scrolling","text_color":"#ffffff","text_size":16,"text_size_mobile":14,"text_height":130,"text_mr":50,"text_mr_mobile":40}},"button_MYq6ci":{"type":"button","settings":{"button":"Shop Now","button_url":"","button_size":14,"button_size_mobile":12,"button_height":100,"button_padding_vertical":8,"button_padding_vertical_mobile":8,"button_padding_horizontal":18,"button_padding_horizontal_mobile":18,"button_radius":100,"button_border_thickness":1,"button_mr":50,"button_mr_mobile":40,"button_style":"outline","button_color":"#686648","button_hover_color":"#ffffff","button_bg_color":"#ffffff","button_bg_hover_color":"#686648","button_border_color":"#686648","button_border_hover_color":"#ffffff"}}},"block_order":["text_8QW8Lg","button_MYq6ci"],"settings":{"reverse_direction":false,"pause_hover":true,"lazy":true,"scrolling_velocity":50,"scrolling_velocity_mobile":54,"background_color":"#686648","background_gradient":"","border_color":"#000000","margin_top":0,"margin_bottom":0,"margin_horizontal":0,"margin_horizontal_mobile":0,"padding_top":8,"padding_bottom":8,"padding_horizontal":0,"padding_horizontal_mobile":0,"full_width":true,"content_width":120,"border_thickness":0,"section_radius":0}},"header":{"type":"header","custom_css":[],"settings":{"logo_position":"middle-left","hide_search":false,"menu":"main-menu","sticky_header_type":"on-scroll-up","show_line_separator":false,"transparent_header":"none","content_color":"#ffffff","menu_type_desktop":"mega","menu_hover":true,"mega_columns":"20","menu_align":"center","extended-megamenu-show-imgs":"yes","link_img_size":100,"img_radius":4,"mega_menu_head_size":20,"head_menu_bold":true,"mega_menu_link_size":14,"menu_bold":false,"mega_menu_head_color":"","mega_menu_link_color":"","color_scheme":"scheme-52650f17-4d3d-4be4-aa3c-4ef82f95ed07","menu_color_scheme":"background-1","enable_country_selector":false,"enable_language_selector":true,"mobile_logo_position":"center","margin_bottom":0,"padding_top":4,"padding_bottom":4}}},"order":["scroll_text_6gPdW9","header"]}