{"type":"custom.popup","name":"Popup Group","sections":{"popup_pro_KtXe6n":{"type":"popup-pro","settings":{"mode":"disabled","only_homepage":false,"only_visitor":false,"delay":5,"expiry":1,"width":720,"padding":44,"text_alignment":"center","text_box_position":"center","image_position":"left","colors_text":"#000000","colors_border":"#000000","colors_background":"#ffffff","colors_shadow":"#e6e6e6","colors_circle":"#eeeeee","colors_border_dis":"#000000","colors_bg_dis":"#f5f5f5","colors_discount":"#000000","heading_prefix":"First Timer?","heading":"Sign up and get 10% off your first order","heading_size":"h2","heading_suffix":"Limited time offer","text":"<p>Sign up for our email newsletter for special discounts and exclusive offers.<\/p>","text_email":"Enter Email Here","bottom_text":"Be the first to know about new collections and exclusive offers.","social_media":true,"dismiss_btn_label":"No thanks","discount_code":"EXAMPLECODE","success_heading_prefix":"Enjoy your","success_heading":"DISCOUNT!","success_heading_size":"h0","success_heading_suffix":"You can use this code on checkout page","success_text":"<p>Use the code bellow to get 10% off your whole order!<\/p><p>*Offer is for limited time only<\/p>","discount_code_label":"Discount code:","floating":true,"flo_heading":"Get 10% Discount","floating_social_media":true,"flo_text_box_position":"left","flo_colors_text":"#3b3b3b","flo_colors_text_bg":"#ffffff","flo_bg_transparent":true,"flo_radius":6,"mobile_disabled":true}},"popup_promo_a8X9bk":{"type":"popup-promo","settings":{"mode":"disabled","only_homepage":false,"only_visitor":false,"delay":10,"expiry":3,"width":370,"padding":28,"text_alignment":"left","text_box_position":"bottom-right","heading_prefix":"","heading":"New Arrivals","heading_size":"h1","heading_suffix":"","text":"<p>Your Skin’s New Best Friend Just Arrived. Innovative Beauty, Now in Stock.<\/p><p><a href=\"\/collections\/all\" title=\"All products\">Shop Now →<\/a><\/p>","colors_background":"#000000","colors_text":"#ffffff"}},"popup_promo_CakT6x":{"type":"popup-promo","settings":{"mode":"disabled","only_homepage":false,"only_visitor":false,"delay":11,"expiry":3,"width":370,"padding":28,"text_alignment":"left","text_box_position":"bottom-left","heading_prefix":"test 2","heading":"Popup","heading_size":"h1","heading_suffix":"","text":"<p>Share information about your brand with your customers. 2<\/p>","colors_background":"#ffffff","colors_text":"#1a1b18"}}},"order":["popup_pro_KtXe6n","popup_promo_a8X9bk","popup_promo_CakT6x"]}