{"sections":{"breadcrumbs_ygjyYf":{"type":"breadcrumbs","settings":{"color_scheme":"","title_home":"Home","padding_top":12,"padding_bottom":12,"margin_top":0,"margin_bottom":0}},"banner":{"type":"main-collection-banner","settings":{"show_collection_description":true,"show_collection_image":true,"color_scheme":"background-1"}},"product-grid":{"type":"main-collection-product-grid","settings":{"products_per_page":24,"columns_desktop":4,"color_scheme":"background-1","image_ratio":"adapt","image_no_crop":true,"show_secondary_image":true,"show_vendor":true,"show_rating":false,"show_scroll_tags":false,"enable_quick_desc":false,"quick_desc_legth":80,"quick_desc_size":12,"enable_quick_add":true,"show_secondary_add":false,"enable_filtering":true,"filter_type":"drawer","enable_sorting":true,"columns_mobile":"2","padding_top":36,"padding_bottom":36}}},"order":["breadcrumbs_ygjyYf","banner","product-grid"]}