{"sections":{"slideshow_EVKABK":{"type":"slideshow","blocks":{"slide_QbRz6a":{"type":"slide","settings":{"caption":"Revive","block_cap_size":33,"cap_color":"#2e2e2e","heading":"For Skin as Unique as You Are","block_head_size-2":58,"block_head_size-mobile":34,"block_head_line":1.1,"heading_size":"h1","subheading":"","button_label":"Shop Now","link":"shopify:\/\/collections\/all","link-2":"shopify:\/\/collections\/all","button_style_secondary":false,"box_align":"middle-left","show_text_box":false,"text_alignment":"left","image_overlay_opacity":0,"color_scheme":"background-1","text_alignment_mobile":"center","mobile_box_align":"flex-end","mobile_text_spacing":0}}},"block_order":["slide_QbRz6a"],"settings":{"layout":"full_bleed","banner_border":0,"slide_height":"adapt_image","slider_visual":"counter","auto_rotate":false,"hide_navigation":false,"change_slides_speed":5,"show_text_below":false,"accessibility_info":"Slideshow about our brand"}},"logo_scroll_YwEBNE":{"type":"Logo-scroll","blocks":{"image_8JqRG3":{"type":"image","settings":{"logo_image_width":34}},"image_WtCKbC":{"type":"image","settings":{"logo_image_width":34}},"image_3CXiPa":{"type":"image","settings":{"logo_image_width":34}},"image_dMe7U4":{"type":"image","settings":{"logo_image_width":34}}},"block_order":["image_8JqRG3","image_WtCKbC","image_3CXiPa","image_dMe7U4"],"settings":{"scroll_speed":15,"fade":false,"color_scheme":"accent-2","announcement_head":"Featured Everywhere","announcement_head_d":18,"announcement_head_m":15,"announcement_color":"#212121","padding_desktop":4,"padding_mobile":4,"padding_item_desktop":36,"padding_item_mobile":24,"padding_top":0,"padding_bottom":0}},"collection_list_BqQW9B":{"type":"collection-list","blocks":{"featured_collection_BxK6pt":{"type":"featured_collection","settings":{"collection":""}},"featured_collection_e9LRzA":{"type":"featured_collection","settings":{"collection":""}},"featured_collection_B8fhK4":{"type":"featured_collection","settings":{"collection":""}},"featured_collection_mMtAqe":{"type":"featured_collection","settings":{"collection":""}},"featured_collection_Ck3LBa":{"type":"featured_collection","settings":{"collection":""}},"featured_collection_fcxECD":{"type":"featured_collection","settings":{"collection":""}}},"block_order":["featured_collection_BxK6pt","featured_collection_e9LRzA","featured_collection_B8fhK4","featured_collection_mMtAqe","featured_collection_Ck3LBa","featured_collection_fcxECD"],"settings":{"title":"Collections","heading_size":"h1","image_ratio":"square","image_radius":100,"columns_desktop":6,"color_scheme":"","subtitle_center":false,"show_arrow":false,"show_view_all":false,"columns_mobile":"2","swipe_on_mobile":true,"padding_top":36,"padding_bottom":36}},"rich_text_GdMTUM":{"type":"rich-text","blocks":{"heading_HRUwi3":{"type":"heading","settings":{"heading":"Our Best Sellers","heading_size":"h1"}}},"block_order":["heading_HRUwi3"],"settings":{"desktop_content_position":"center","content_alignment":"center","color_scheme":"scheme-bcd483fb-d76f-455d-aca8-a927463a23ce","full_width":true,"padding_top":40,"padding_bottom":0}},"tabs_collection_dKd6ex":{"type":"tabs-collection","blocks":{"tab_4DHdB8":{"type":"tab","settings":{"heading":"New Arrivals","collection":"","description":"","collection_text_alignment":"left","show_description":false,"description_style":"body"}},"tab_fdVzEX":{"type":"tab","settings":{"heading":"Face Care","collection":"","description":"","collection_text_alignment":"left","show_description":false,"description_style":"body"}},"tab_GEXYxG":{"type":"tab","settings":{"heading":"Skincare","collection":"","description":"","collection_text_alignment":"left","show_description":false,"description_style":"body"}}},"block_order":["tab_4DHdB8","tab_fdVzEX","tab_GEXYxG"],"settings":{"tabs_color_scheme":"scheme-bcd483fb-d76f-455d-aca8-a927463a23ce","tab_font":16,"tab_font_align":"center","tab_font_mb":14,"tab_font_mb_align":"center","show_border":false,"products_to_show":4,"columns_desktop":4,"full_width":false,"show_view_all":true,"view_all_style":"solid","color_scheme":"accent-1","image_ratio":"adapt","image_no_crop":true,"show_secondary_image":false,"show_vendor":false,"show_rating":false,"show_scroll_tags":false,"enable_quick_desc":false,"quick_desc_legth":90,"quick_desc_size":14,"enable_quick_add":false,"show_secondary_add":false,"columns_mobile":"2","padding_top":36,"padding_bottom":36}},"lumin_grids_aYtRRX":{"type":"lumin-grids","blocks":{"video_JJzpEW":{"type":"video","settings":{"large_up_hide":false,"grid_width_desktop":"33.3333333","medium_hide":false,"grid_width_tablet":"50","small_hide":false,"overlay_opacity":0,"opacity_color":"#000000","opacity_color_full":false,"padding_size":30,"padding_size_in":10,"text_border":0,"bg_color":"rgba(0,0,0,0)","head":"","head_color":"#212121","head_size_d":30,"head_size_m":24,"text":"","text_color":"#212121","text_size_d":16,"text_size_m":14,"button-text":"button","button_link":"","desktop_content_alignment":"left","image_content_position":"middle-center","grid-url":""}},"text_ckkanr":{"type":"text","settings":{"large_up_hide":false,"grid_width_desktop":"33.3333333","medium_hide":false,"grid_width_tablet":"50","small_hide":false,"show_border":false,"border_color":"#eeeeee","padding_size":36,"padding_size_mobile":40,"padding_left_mobile":40,"text_border":0,"bg_color":"#f1e0cb","icon_size":50,"icon_corner":0,"head":"Glow from Within","use_body_font":false,"head_color":"#000000","head_size_d":30,"head_size_m":24,"margin_bottom":15,"subtitle":"<p>Elevate your skincare game and achieve radiant, healthy skin with a routine that’s as unique as you are.<\/p>","text_color":"#000000","text_size_d":16,"text_size_m":14,"button-text":"Shop Collection","show_secondary":false,"button_link":"shopify:\/\/collections","image_content_position":"middle-center","desktop_content_alignment":"center","grid-url":""}},"image_mUf6EA":{"type":"image","settings":{"large_up_hide":false,"grid_width_desktop":"33.3333333","medium_hide":false,"grid_width_tablet":"50","small_hide":true,"overlay_opacity":14,"opacity_color":"#484646","opacity_color_full":true,"padding_size":30,"padding_size_in":10,"text_border":8,"bg_color":"rgba(0,0,0,0)","head":"Timeless Beauty, Ageless Skin.","head_color":"#ffffff","head_size_d":30,"head_size_m":24,"margin_bottom":10,"text":"Radiance in Every Drop.","text_color":"#ffffff","text_size_d":16,"text_size_m":14,"button-text":"button","button_link":"","desktop_content_alignment":"center","image_content_position":"bottom-center","grid-url":""}}},"block_order":["video_JJzpEW","text_ckkanr","image_mUf6EA"],"settings":{"video_border":10,"zoom_hover":false,"loading_color":"#faf6f1","grid_gap":8,"color_scheme":"background-1","padding_top":64,"padding_bottom":76,"margin_top":0,"margin_bottom":0}},"7c49854d-841e-4486-a518-217b88181104":{"type":"rich-text","blocks":{"95cd312d-868a-41cb-ba80-25ac4c47391b":{"type":"caption","settings":{"caption":"OUR PRODUCT PHILOSOPHY","text_style":"caption-with-letter-spacing","text_size":"large"}},"template--15124687650899__7c49854d-841e-4486-a518-217b88181104-heading-1":{"type":"heading","settings":{"heading":"We sustainably and ethically source our ingredients, to [create clean and sustainable products] that are good for your skin and good for the planet.","heading_size":"h1"}},"template--15124687650899__7c49854d-841e-4486-a518-217b88181104-text-1":{"type":"text","settings":{"text":"<p><a href=\"\/collections\/all\" title=\"All products\">Learn More<\/a><\/p>"}}},"block_order":["95cd312d-868a-41cb-ba80-25ac4c47391b","template--15124687650899__7c49854d-841e-4486-a518-217b88181104-heading-1","template--15124687650899__7c49854d-841e-4486-a518-217b88181104-text-1"],"settings":{"desktop_content_position":"center","content_alignment":"center","color_scheme":"","full_width":true,"padding_top":40,"padding_bottom":52}},"24a76f3a-b24e-4495-9798-d8787a0b9e94":{"type":"lumin-grids","blocks":{"9d919ae0-3f90-4ad8-958a-2568b6eff62d":{"type":"video","settings":{"large_up_hide":false,"grid_width_desktop":"25","medium_hide":false,"grid_width_tablet":"33.3333333","small_hide":false,"overlay_opacity":0,"opacity_color":"#000000","opacity_color_full":false,"padding_size":12,"padding_size_in":10,"text_border":0,"bg_color":"rgba(0,0,0,0)","head":"Hydrate your skin with a suitable moisturizer.","head_color":"#ffffff","head_size_d":30,"head_size_m":24,"text":"Moisturize Daily","text_color":"#ffffff","text_size_d":16,"text_size_m":14,"button-text":"button","button_link":"","desktop_content_alignment":"left","image_content_position":"middle-center","grid-url":""}},"template--15124687650899__24a76f3a-b24e-4495-9798-d8787a0b9e94-image-1":{"type":"image","settings":{"large_up_hide":false,"grid_width_desktop":"25","medium_hide":false,"grid_width_tablet":"33.3333333","small_hide":false,"overlay_opacity":0,"opacity_color":"#000000","opacity_color_full":false,"padding_size":30,"padding_size_in":10,"text_border":0,"bg_color":"rgba(0,0,0,0)","head":"","head_color":"#212121","head_size_d":30,"head_size_m":24,"margin_bottom":15,"text":"","text_color":"#212121","text_size_d":16,"text_size_m":14,"button-text":"button","button_link":"","desktop_content_alignment":"left","image_content_position":"middle-center","grid-url":""}},"template--15124687650899__24a76f3a-b24e-4495-9798-d8787a0b9e94-text-1":{"type":"text","settings":{"large_up_hide":false,"grid_width_desktop":"25","medium_hide":false,"grid_width_tablet":"33.3333333","small_hide":false,"show_border":false,"border_color":"#000000","padding_size":30,"padding_size_mobile":30,"padding_left_mobile":30,"text_border":0,"bg_color":"#dbdbc4","icon_size":30,"icon_corner":0,"head":"Benefits and Features","use_body_font":false,"head_color":"#000000","head_size_d":30,"head_size_m":24,"margin_bottom":15,"subtitle":"<p>Highlight the key benefits and features of your product<\/p>","text_color":"#000000","text_size_d":16,"text_size_m":16,"button-text":"Shop Collactions","show_secondary":false,"button_link":"shopify:\/\/collections","image_content_position":"middle-center","desktop_content_alignment":"left","grid-url":""}},"462e5887-4682-4b94-bfe4-addb9e21eaba":{"type":"image","settings":{"large_up_hide":false,"grid_width_desktop":"25","medium_hide":false,"grid_width_tablet":"33.3333333","small_hide":false,"overlay_opacity":0,"opacity_color":"#000000","opacity_color_full":false,"padding_size":30,"padding_size_in":10,"text_border":0,"bg_color":"rgba(0,0,0,0)","head":"","head_color":"#ffffff","head_size_d":30,"head_size_m":24,"margin_bottom":15,"text":"","text_color":"#212121","text_size_d":16,"text_size_m":14,"button-text":"button","button_link":"","desktop_content_alignment":"left","image_content_position":"bottom-left","grid-url":""}}},"block_order":["9d919ae0-3f90-4ad8-958a-2568b6eff62d","template--15124687650899__24a76f3a-b24e-4495-9798-d8787a0b9e94-image-1","template--15124687650899__24a76f3a-b24e-4495-9798-d8787a0b9e94-text-1","462e5887-4682-4b94-bfe4-addb9e21eaba"],"settings":{"video_border":6,"zoom_hover":true,"loading_color":"#f2f2f2","grid_gap":10,"color_scheme":"accent-1","padding_top":60,"padding_bottom":60,"margin_top":36,"margin_bottom":36}},"table_compare_Ej3Q6m":{"type":"table-compare","blocks":{"header_KRzLE8":{"type":"header","settings":{"cell_1_text":"#","cell_2_text":"Our Brand","cell_3_text":"Other","cell_4_text":"Other","cell_5_text":"Other","cell_6_text":"Other","cell_7_text":"Other"}},"row_UgwAPk":{"type":"row","settings":{"title":"Treatment Time","cell_2_checkbox":"","cell_2_text":"3 Minutes","cell_3_checkbox":"","cell_3_text":"10 Minutes","cell_4_checkbox":"unchecked","cell_4_text":"","cell_5_checkbox":"","cell_5_text":"15 Minutes","cell_6_checkbox":"","cell_6_text":"Unknown","cell_7_checkbox":"","cell_7_text":"-"}},"row_Fpp7cj":{"type":"row","settings":{"title":"Prtable","cell_2_checkbox":"checked-circle","cell_2_text":"","cell_3_checkbox":"unchecked","cell_3_text":"","cell_4_checkbox":"checked","cell_4_text":"","cell_5_checkbox":"unchecked","cell_5_text":"","cell_6_checkbox":"unchecked","cell_6_text":"","cell_7_checkbox":"checked-circle","cell_7_text":""}},"row_nEmCWi":{"type":"row","settings":{"title":"FDA - cleared","cell_2_checkbox":"checked-circle","cell_2_text":"","cell_3_checkbox":"unchecked","cell_3_text":"","cell_4_checkbox":"unchecked","cell_4_text":"","cell_5_checkbox":"","cell_5_text":"Applied","cell_6_checkbox":"unchecked","cell_6_text":"","cell_7_checkbox":"unchecked","cell_7_text":""}},"row_ymccRR":{"type":"row","settings":{"title":"Customizable treatments","cell_2_checkbox":"checked-circle","cell_2_text":"","cell_3_checkbox":"unchecked","cell_3_text":"","cell_4_checkbox":"unchecked","cell_4_text":"","cell_5_checkbox":"unchecked","cell_5_text":"","cell_6_checkbox":"checked-circle","cell_6_text":"","cell_7_checkbox":"unchecked","cell_7_text":""}},"row_mJPkWF":{"type":"row","settings":{"title":"Price $$$","cell_2_checkbox":"","cell_2_text":"$19","cell_3_checkbox":"","cell_3_text":"$49","cell_4_checkbox":"","cell_4_text":"$36","cell_5_checkbox":"","cell_5_text":"$119","cell_6_checkbox":"","cell_6_text":"-","cell_7_checkbox":"","cell_7_text":"$249"}}},"block_order":["header_KRzLE8","row_UgwAPk","row_Fpp7cj","row_nEmCWi","row_ymccRR","row_mJPkWF"],"settings":{"color_scheme":"","container":true,"container_max_width":"","heading":"What makes [<strong>Us<\/strong>] right for you?","heading_size":"h0","description":"<h3>(Here’s a comparison, but there is really no comparison)<\/h3>","table_min_width":"700","table_first_col_width":30,"first_col_text_align":"center","table_caption":"Trusted and [recommended] by world leading ((Dermatologists))","table_bg_color":"#ffffff","table_text_color":"#121212","table_border_opacity":5,"table_border_radius":10,"table_striped_bg_opacity":5,"icon_color_checked_circle":"#15803d","icon_color_checked":"#121212","icon_color_unchecked":"#b91c1c","padding_top":36,"padding_bottom":80}},"5ba491c9-db08-4028-9406-07c41d9279e4":{"type":"lumin-scrolling-text","blocks":{"template--15124687650899__5ba491c9-db08-4028-9406-07c41d9279e4-announcement-1":{"type":"announcement","settings":{"Announcement":"<p><strong>EARLY BLACK FRIDAY SALE<\/strong><\/p>","announcement_size":18,"announcement_size_m":16,"text_spacing":2,"text_transform":"none","announcement_color":"#212121","icon":"none","text_link":""}},"template--15124687650899__5ba491c9-db08-4028-9406-07c41d9279e4-announcement-2":{"type":"announcement","settings":{"Announcement":"<p><strong>40% OFF + FREE SHIPPING<\/strong><\/p>","announcement_size":18,"announcement_size_m":16,"text_spacing":1.5,"text_transform":"none","announcement_color":"#212121","icon":"none","text_link":""}}},"block_order":["template--15124687650899__5ba491c9-db08-4028-9406-07c41d9279e4-announcement-1","template--15124687650899__5ba491c9-db08-4028-9406-07c41d9279e4-announcement-2"],"settings":{"scroll_speed":15,"reverse":false,"fade":false,"color_scheme":"background-2","padding_desktop":8,"padding_mobile":8,"padding_item_desktop":44,"padding_item_mobile":8,"padding_top":0,"padding_bottom":0}},"58054187-7070-4732-93cb-2a5dede46e56":{"type":"video-with-text","custom_css":["@media screen and (min-width: 750px) {.video-container--medium:not(.video-container--adapt) {padding-top: 36%; }}"],"settings":{"layout":"full_bleed","video_border":10,"video_height":"medium","image_overlay_opacity":0,"desktop_content_position":"middle-center","show_text_box":false,"video_content_border":0,"mobile_content_position":"middle","color_scheme":"inverse","desktop_content_alignment":"center","heading":"<strong>Because Your Skin Deserves the Best.<\/strong>","heading_size":"h0","text":"","button_label_1":"Shop Now","button_link_1":"shopify:\/\/collections\/frontpage","button_style_secondary_1":false,"padding_top":0,"padding_bottom":0}},"2ad845cb-2654-426a-a07a-d1171b48e543":{"type":"timer","settings":{"color_scheme":"background-2","layout":"grid","show_border":false,"video_border":8,"first_text":"Shop our best deals for","third_text":"Offers ends in","small_text":16,"small_text_mb":16,"second_text":"MID SEASONS DAY SALE","big_text":28,"big_text_mb":16,"url":"#","timer":"12\/31\/2024 12:00","timer_days":"D","timer_text":16,"timer_text_mb":16,"padding_top":32,"padding_bottom":32,"margin_top":36,"margin_bottom":36}},"image_comparison_4JQdnA":{"type":"image-comparison","blocks":{"text_WTCBfg":{"type":"text","settings":{"subheading":"","heading":"Image comparison","content":"<p>See the stunning transformations our products deliver — real results from real customers.<\/p>","text_position":"center","color":"#000000"}},"images_UmpcRE":{"type":"images","settings":{"desktop_height":500,"mobile_height":360,"border_radius":12,"drag_initial_position":50,"cover":true,"before_text":"Before","after_text":"After","before_after_text_position":"bottom","before_text_color":"#ffffff","after_text_color":"#ffffff","drag_cursor_bg":"#ffffff","drag_cursor_color":"#000000"}}},"block_order":["text_WTCBfg","images_UmpcRE"],"settings":{"background_color":"rgba(0,0,0,0)","background":"","padding_top":36,"padding_bottom":68}},"f6aa73dd-735c-463c-a915-039d2a5a8dd1":{"type":"lumin-mega","blocks":{"template--15124687650899__f6aa73dd-735c-463c-a915-039d2a5a8dd1-heading-1":{"type":"heading","settings":{"heading":"Why Us?","heading_size":"h1"}},"template--15124687650899__f6aa73dd-735c-463c-a915-039d2a5a8dd1-text-1":{"type":"text","settings":{"text":"<p>Pair text with an image to focus on your chosen product, collection, or blog post. Add details on availability, style, or even provide a review.<\/p>","text_style":"body"}},"49756edd-2a88-48bb-9a4e-bf55aef7966d":{"type":"button","settings":{"button_label":"Learn More","button_link":"shopify:\/\/collections\/skin-care","button_style_secondary":false}}},"block_order":["template--15124687650899__f6aa73dd-735c-463c-a915-039d2a5a8dd1-heading-1","template--15124687650899__f6aa73dd-735c-463c-a915-039d2a5a8dd1-text-1","49756edd-2a88-48bb-9a4e-bf55aef7966d"],"settings":{"color_scheme_main":"background-1","full-width":false,"height":"adapt","desktop_image_width":"medium","layout":"text_first","desktop_content_position":"middle","desktop_content_alignment":"left","content_layout":"no-overlap","color_scheme":"scheme-cd8ff304-8858-43d4-8ace-1ba168cff031","image_behavior":"none","mobile_content_alignment":"left","margin_top":36,"margin_bottom":36,"padding_top":36,"padding_bottom":36}},"35e708a4-3807-4690-bb69-e7e9455455c9":{"type":"lumin-gallery","blocks":{"928e9a99-e04b-4319-ba3c-4eb815e0752c":{"type":"image","settings":{"large_up_hide":false,"grid_width_desktop":"25","medium_hide":false,"grid_width_tablet":"25","small_hide":false,"grid_width_mobile":"50","overlay_opacity":9,"opacity_color":"#c5a47d","padding_size":13,"padding_size_in":10,"bg_color":"rgba(0,0,0,0)","head":"@reviveskincare","head_color":"#ffffff","head_size_d":26,"head_size_m":24,"margin_bottom":15,"text":"FOLLOW US","text_color":"#ffffff","text_size_d":16,"text_size_m":14,"button-text":"button","button_link":"","desktop_content_alignment":"center","image_content_position":"middle-center","grid-url":""}},"image_7phpte":{"type":"image","settings":{"large_up_hide":false,"grid_width_desktop":"25","medium_hide":false,"grid_width_tablet":"25","small_hide":false,"grid_width_mobile":"50","overlay_opacity":0,"opacity_color":"#000000","padding_size":13,"padding_size_in":10,"bg_color":"rgba(0,0,0,0)","head":"","head_color":"#000000","head_size_d":26,"head_size_m":24,"margin_bottom":15,"text":"","text_color":"#000000","text_size_d":12,"text_size_m":14,"button-text":"button","button_link":"","desktop_content_alignment":"center","image_content_position":"bottom-center","grid-url":""}},"image_7J7Bdj":{"type":"image","settings":{"large_up_hide":false,"grid_width_desktop":"25","medium_hide":false,"grid_width_tablet":"25","small_hide":false,"grid_width_mobile":"50","overlay_opacity":0,"opacity_color":"#000000","padding_size":13,"padding_size_in":10,"bg_color":"rgba(0,0,0,0)","head":"","head_color":"#000000","head_size_d":26,"head_size_m":24,"margin_bottom":15,"text":"","text_color":"#000000","text_size_d":12,"text_size_m":14,"button-text":"button","button_link":"","desktop_content_alignment":"center","image_content_position":"bottom-center","grid-url":""}},"image_akr7B4":{"type":"image","settings":{"large_up_hide":false,"grid_width_desktop":"25","medium_hide":false,"grid_width_tablet":"25","small_hide":false,"grid_width_mobile":"50","overlay_opacity":0,"opacity_color":"#000000","padding_size":13,"padding_size_in":10,"bg_color":"rgba(0,0,0,0)","head":"","head_color":"#000000","head_size_d":26,"head_size_m":24,"margin_bottom":15,"text":"","text_color":"#000000","text_size_d":12,"text_size_m":14,"button-text":"button","button_link":"","desktop_content_alignment":"center","image_content_position":"bottom-center","grid-url":""}}},"block_order":["928e9a99-e04b-4319-ba3c-4eb815e0752c","image_7phpte","image_7J7Bdj","image_akr7B4"],"settings":{"layout":"full_bleed","color_scheme":"","padding_top":36,"padding_bottom":36,"margin_top":36,"margin_bottom":36}},"7ac15ddf-2ba5-42fc-bdeb-400fd4438378":{"type":"featured-blog","settings":{"heading":"Blog posts","heading_size":"h1","collection_text_alignment":"left","blog":"","post_limit":3,"columns_desktop":3,"navigation_show":true,"color_scheme":"scheme-cd8ff304-8858-43d4-8ace-1ba168cff031","show_image":true,"show_date":true,"show_author":false,"show_view_all":true,"padding_top":36,"padding_bottom":36}},"6ebadc41-e77e-4aa7-a089-cf7dd87bbee0":{"type":"lumin-grids","blocks":{"template--14588686860384__6ebadc41-e77e-4aa7-a089-cf7dd87bbee0-image-1":{"type":"image","settings":{"large_up_hide":false,"grid_width_desktop":"50","medium_hide":false,"grid_width_tablet":"50","small_hide":false,"overlay_opacity":0,"opacity_color":"#000000","opacity_color_full":false,"padding_size":30,"padding_size_in":10,"text_border":0,"bg_color":"rgba(0,0,0,0)","head":"BUY NOW OR CRY LATER","head_color":"#000000","head_size_d":30,"head_size_m":24,"margin_bottom":15,"text":"These stocks won't last forever.","text_color":"#000000","text_size_d":16,"text_size_m":14,"button-text":"EXPLORE","button_link":"shopify:\/\/collections\/frontpage","desktop_content_alignment":"left","image_content_position":"top-left","grid-url":""}},"622ece7a-cc91-4bba-8704-09d1f8a48c3f":{"type":"image","settings":{"large_up_hide":false,"grid_width_desktop":"50","medium_hide":false,"grid_width_tablet":"50","small_hide":false,"overlay_opacity":0,"opacity_color":"#000000","opacity_color_full":false,"padding_size":30,"padding_size_in":10,"text_border":0,"bg_color":"rgba(0,0,0,0)","head":"BE FREE. BE BEAUTIFUL.","head_color":"#000000","head_size_d":30,"head_size_m":24,"margin_bottom":15,"text":"Express your wild side with these shirts.","text_color":"#000000","text_size_d":16,"text_size_m":14,"button-text":"EXPLORE","button_link":"shopify:\/\/collections\/frontpage","desktop_content_alignment":"left","image_content_position":"top-left","grid-url":""}}},"block_order":["template--14588686860384__6ebadc41-e77e-4aa7-a089-cf7dd87bbee0-image-1","622ece7a-cc91-4bba-8704-09d1f8a48c3f"],"settings":{"video_border":6,"zoom_hover":true,"loading_color":"#f2f2f2","grid_gap":20,"color_scheme":"background-1","padding_top":36,"padding_bottom":36,"margin_top":36,"margin_bottom":36}}},"order":["slideshow_EVKABK","logo_scroll_YwEBNE","collection_list_BqQW9B","rich_text_GdMTUM","tabs_collection_dKd6ex","lumin_grids_aYtRRX","7c49854d-841e-4486-a518-217b88181104","24a76f3a-b24e-4495-9798-d8787a0b9e94","table_compare_Ej3Q6m","5ba491c9-db08-4028-9406-07c41d9279e4","58054187-7070-4732-93cb-2a5dede46e56","2ad845cb-2654-426a-a07a-d1171b48e543","image_comparison_4JQdnA","f6aa73dd-735c-463c-a915-039d2a5a8dd1","35e708a4-3807-4690-bb69-e7e9455455c9","7ac15ddf-2ba5-42fc-bdeb-400fd4438378","6ebadc41-e77e-4aa7-a089-cf7dd87bbee0"]}