{"sections":{"main":{"type":"main-page","disabled":true,"settings":{"padding_top":36,"padding_bottom":36}},"image_banner_eJfeeD":{"type":"image-banner","blocks":{"heading_U4DxMR":{"type":"heading","settings":{"heading":"Need Help?","heading_size":"h0"}},"text_mTa9cV":{"type":"text","settings":{"text":"Conact Us","text_style":"subtitle"}}},"block_order":["heading_U4DxMR","text_mTa9cV"],"settings":{"image_overlay_opacity":20,"image_height":"xsmall","desktop_content_position":"middle-left","show_text_box":false,"desktop_content_alignment":"center","color_scheme":"inverse","image_behavior":"none","mobile_content_alignment":"center","stack_images_on_mobile":true,"show_text_below":false}},"178d28a7-8c38-4b54-93d3-4f373de515b5":{"type":"rich-text","blocks":{"template--14588668117088__178d28a7-8c38-4b54-93d3-4f373de515b5-heading-1":{"type":"heading","settings":{"heading":"Get in touch","heading_size":"h1"}},"template--14588668117088__178d28a7-8c38-4b54-93d3-4f373de515b5-text-1":{"type":"text","settings":{"text":"<p>Have a question or comment? Don't be shy: Reach out and say hi!<br\/>Support hours: Monday-Friday, 7am-3pm<\/p>"}}},"block_order":["template--14588668117088__178d28a7-8c38-4b54-93d3-4f373de515b5-heading-1","template--14588668117088__178d28a7-8c38-4b54-93d3-4f373de515b5-text-1"],"settings":{"desktop_content_position":"center","content_alignment":"center","color_scheme":"","full_width":true,"padding_top":32,"padding_bottom":16}},"contact_form_ikVfzk":{"type":"contact-form","blocks":{"name_xpy9qX":{"type":"name","settings":{}},"email_kNDD6i":{"type":"email","settings":{}},"tel_kqjman":{"type":"tel","settings":{}},"textarea_N9xEPT":{"type":"textarea","settings":{}}},"block_order":["name_xpy9qX","email_kNDD6i","tel_kqjman","textarea_N9xEPT"],"settings":{"heading":"Contact form","heading_size":"h1","heading_align":"center","heading_align_mobile":"center","sub_heading":"<p>Pair text with an image to focus on your chosen product, collection, or blog post. Add details on availability, style, or even provide a review.<\/p>","sub_heading_align":"left","sub_heading_align_mobile":"left","color_scheme":"","padding_top":36,"padding_bottom":36}}},"order":["main","image_banner_eJfeeD","178d28a7-8c38-4b54-93d3-4f373de515b5","contact_form_ikVfzk"]}